AWS Devops Engineer,Florican Enterprises Pvt Ltd,Entry level,Mumbai,15 hours ago,143 applicants,https://in.linkedin.com/jobs/view/aws-devops-engineer-at-florican-enterprises-pvt-ltd-3918108780?trk=public_jobs_topcard-title
DevOps Engineer,Technostacks Infotech Private Limited,Entry level,Ahmedabad,6 hours ago,34 applicants,https://in.linkedin.com/jobs/view/devops-engineer-at-technostacks-infotech-private-limited-3918191093?trk=public_jobs_topcard-title
DevOps Engineer,Dojima Network,Entry level,India,14 hours ago,Over 200 applicants,https://in.linkedin.com/jobs/view/devops-engineer-at-dojima-network-3913833252?trk=public_jobs_topcard-title
DevOps Engineer GTAC | Location: Mumbai,Alepo Technologies Inc.,Entry level,Mumbai,18 hours ago,53 applicants,https://in.linkedin.com/jobs/view/devops-engineer-gtac-location-mumbai-at-alepo-technologies-inc-3917899767?trk=public_jobs_topcard-title
DevOps Engineer (NGINX),ExlCareer,Entry level,Mumbai,12 hours ago,147 applicants,https://in.linkedin.com/jobs/view/devops-engineer-nginx-at-exlcareer-3918303758?trk=public_jobs_topcard-title
Devops Engineer with Cloud Expertise,Deutsche Bank,Not Applicable,Pune,2 hours ago,26 applicants,https://in.linkedin.com/jobs/view/devops-engineer-with-cloud-expertise-at-deutsche-bank-3918796532?trk=public_jobs_topcard-title
Devops Engineer,A.P. Moller - Maersk,Not Applicable,Bengaluru,3 hours ago,29 applicants,https://in.linkedin.com/jobs/view/devops-engineer-at-a-p-moller-maersk-3918771454?trk=public_jobs_topcard-title
DevOps Engineer,TestingXperts,Entry level,Sadar,18 hours ago,126 applicants,https://in.linkedin.com/jobs/view/devops-engineer-at-testingxperts-3918105126?trk=public_jobs_topcard-title
Software Development Engineer â€“ DevOps,Smart Joules,Entry level,New Delhi,6 hours ago,Be among the first 25 applicants,https://in.linkedin.com/jobs/view/software-development-engineer-%E2%80%93-devops-at-smart-joules-3918710612?trk=public_jobs_topcard-title
DevOps Engineer(Unpaid and Remote)Rablo.in,Rablo,Entry level,India,2 hours ago,Be among the first 25 applicants,https://in.linkedin.com/jobs/view/devops-engineer-unpaid-and-remote-rablo-in-at-rablo-3918198322?trk=public_jobs_topcard-title
Cloud Security Engineer,Cotocus,Entry level,Bengaluru,18 hours ago,59 applicants,https://in.linkedin.com/jobs/view/cloud-security-engineer-at-cotocus-3917899854?trk=public_jobs_topcard-title
DevOps Intern,Vizmo,Internship,Bengaluru,6 hours ago,186 applicants,https://in.linkedin.com/jobs/view/devops-intern-at-vizmo-3918717403?trk=public_jobs_topcard-title
Site Reliability Engineer,Thomson Reuters,Entry level,Bengaluru,8 hours ago,50 applicants,https://in.linkedin.com/jobs/view/site-reliability-engineer-at-thomson-reuters-3918700328?trk=public_jobs_topcard-title
Site Reliability Engineer,Reuters News Agency,Entry level,Bengaluru,1 hour ago,Be among the first 25 applicants,https://in.linkedin.com/jobs/view/site-reliability-engineer-at-reuters-news-agency-3918439894?trk=public_jobs_topcard-title
Archive Service DevOps Engineer,UBS,Not Applicable,Pune,9 hours ago,25 applicants,https://in.linkedin.com/jobs/view/archive-service-devops-engineer-at-ubs-3918367917?trk=public_jobs_topcard-title
Investments-Senior Engineer (DevOps)_Cosmos,Deutsche Bank,Not Applicable,Pune,2 hours ago,Be among the first 25 applicants,https://in.linkedin.com/jobs/view/investments-senior-engineer-devops-cosmos-at-deutsche-bank-3918793690?trk=public_jobs_topcard-title
Lead Consultant - Cloud Engineer-ITO080147,Genpact,Associate,Gurugram,4 hours ago,Be among the first 25 applicants,https://in.linkedin.com/jobs/view/lead-consultant-cloud-engineer-ito080147-at-genpact-3918750056?trk=public_jobs_topcard-title
Senior Data Engineer,emagine,Not Applicable,Bengaluru,3 hours ago,Be among the first 25 applicants,https://in.linkedin.com/jobs/view/senior-data-engineer-at-emagine-3918750588?trk=public_jobs_topcard-title
Azure Data Engineer (Lead),Infogain,Not Applicable,Bengaluru,3 hours ago,Be among the first 25 applicants,https://in.linkedin.com/jobs/view/azure-data-engineer-lead-at-infogain-3918421137?trk=public_jobs_topcard-title
Oracle Analytics Cloud Developer,Jade Global,Entry level,Pune,8 hours ago,Be among the first 25 applicants,https://in.linkedin.com/jobs/view/oracle-analytics-cloud-developer-at-jade-global-3910042637?trk=public_jobs_topcard-title
